{
  "visual": [
    { "pic": "swiper_img_01.jpg", "id": "v1", "link": "#", "name": "배너" },
    { "pic": "swiper_img_02.jpg", "id": "v2", "link": "#", "name": "배너" },
    { "pic": "swiper_img_03.jpg", "id": "v3", "link": "#", "name": "배너" },
    { "pic": "swiper_img_04.jpg", "id": "v4", "link": "#", "name": "배너" },
    { "pic": "swiper_img_05.jpg", "id": "v5", "link": "#", "name": "배너" },
    { "pic": "swiper_img_06.jpg", "id": "v6", "link": "#", "name": "배너" },
    { "pic": "swiper_img_07.jpg", "id": "v7", "link": "#", "name": "배너" },
    { "pic": "swiper_img_08.jpg", "id": "v8", "link": "#", "name": "배너" },
    { "pic": "swiper_img_09.jpg", "id": "v9", "link": "#", "name": "배너" },
    { "pic": "swiper_img_10.jpg", "id": "v10", "link": "#", "name": "배너" }
  ],
  "todaygood": [
    {
      "name": "콩콩크림빵",
      "unit": "1개",
      "price": 1500,
      "tag": "인기",
      "pic": "good_1.jpg",
      "id": "0",
      "link": "#"
    },
    {
      "name": "콩콩크림빵",
      "unit": "1개",
      "price": 1500,
      "tag": "인기",
      "pic": "good_2.jpg",
      "id": "0",
      "link": "#"
    },
    {
      "name": "콩콩크림빵",
      "unit": "1개",
      "price": 1500,
      "tag": "인기",
      "pic": "good_3.jpg",
      "id": "0",
      "link": "#"
    },
    {
      "name": "콩콩크림빵",
      "unit": "1개",
      "price": 1500,
      "tag": "인기",
      "pic": "good_4.jpg",
      "id": "0",
      "link": "#"
    },
    {
      "name": "콩콩크림빵",
      "unit": "1개",
      "price": 1500,
      "tag": "인기",
      "pic": "good_5.jpg",
      "id": "0",
      "link": "#"
    },
    {
      "name": "콩콩크림빵",
      "unit": "1개",
      "price": 1500,
      "tag": "인기",
      "pic": "good_6.jpg",
      "id": "0",
      "link": "#"
    },
    {
      "name": "콩콩크림빵",
      "unit": "1개",
      "price": 1500,
      "tag": "인기",
      "pic": "good_7.jpg",
      "id": "0",
      "link": "#"
    },
    {
      "name": "콩콩크림빵",
      "unit": "1개",
      "price": 1500,
      "tag": "인기",
      "pic": "good_8.jpg",
      "id": "0",
      "link": "#"
    }
  ]
}
